college_code,college_name,University
1002,"Government College of Engineering, Amravati",Sant Gadge Baba Amravati University
1005,"Sant Gadge Baba Amravati University,Amravati",Sant Gadge Baba Amravati University
1012,"Government College of Engineering,Yavatmal","Dr. Babasaheb Ambedkar Technological University,Lonere"
1101,"Shri Sant Gajanan Maharaj College of Engineering,Shegaon",Sant Gadge Baba Amravati University
1105,"Prof. Ram Meghe Institute of Technology & Research, Amravati",Sant Gadge Baba Amravati University
1107,"P. R. Pote Patil College of Engineering & Management, Amravati",Sant Gadge Baba Amravati University
1114,"Sipna Shikshan Prasarak Mandal College of Engineering & Technology, Amravati",Sant Gadge Baba Amravati University
1116,"Shri Shivaji Education Society's College of Engineering and Technology, Akola",Sant Gadge Baba Amravati University
1117,"Janata Shikshan Prasarak Mandal’s Babasaheb Naik College Of Engineering, Pusad",Sant Gadge Baba Amravati University
1119,"Paramhansa Ramkrishna Maunibaba Shikshan Santha's , Anuradha Engineering College, Chikhali",Sant Gadge Baba Amravati University
1120,"Jawaharlal Darda Institute of Engineering and Technology, Yavatmal",Sant Gadge Baba Amravati University
1121,"Shri Hanuman Vyayam  Prasarak Mandals College of Engineering & Technology, Amravati",Sant Gadge Baba Amravati University
1123,"Dr.Rajendra Gode Institute of Technology & Research, Amravati",Sant Gadge Baba Amravati University
1125,"Dwarka Bahu Uddeshiya Gramin Vikas Foundation, Rajarshi Shahu College of Engineering, Buldhana",Sant Gadge Baba Amravati University
1126,"Takshashila Institute of Engineering & Technology, Darapur, Amravati",Sant Gadge Baba Amravati University
1127,"Jagadambha Bahuuddeshiya Gramin Vikas Sanstha's Jagdambha College of Engineering and Technology, Yavatmal",Sant Gadge Baba Amravati University
1128,"Prof Ram Meghe College of Engineering  and Management, Badnera",Sant Gadge Baba Amravati University
1130,"Vision Buldhana Educational & Welfare Society's Pankaj Laddhad Institute of Technology & Management Studies, Yelgaon",Sant Gadge Baba Amravati University
1180,"Sanmati Engineering College, Sawargaon Barde, Washim",Sant Gadge Baba Amravati University
1182,"Padmashri Dr. V.B.  Kolte College of Engineering, Malkapur, Buldhana",Sant Gadge Baba Amravati University
1265,"Mauli Group of Institutions, College of Engineering and Technology, Shegaon.",Sant Gadge Baba Amravati University
1268,"Siddhivinayak Technical Campus, School of Engineering & Research Technology, Shirasgon, Nile",Sant Gadge Baba Amravati University
1276,"Manav School of Engineering & Technology, Gut No. 1035 Nagpur Surat Highway, NH No. 6 Tal.Vyala, Balapur, Akola,  444302",Sant Gadge Baba Amravati University
2008,"Government College of Engineering,  Chhatrapati Sambhajinagar",Dr. Babasaheb Ambedkar Marathwada University
2020,"Shri Guru Gobind Singhji Institute of Engineering and Technology, Nanded","Swami Ramanand Teerth Marathwada University, Nanded"
2021,"University Department of Chemical Technology, Aurangabad",Dr. Babasaheb Ambedkar Marathwada University
2032,"Institute of Chemical Technology, Mumbai Marathwada off campus, Jalna",Deemed to be University
2111,"Everest Education Society, Group of Institutions (Integrated Campus), Ohar","Dr. Babasaheb Ambedkar Technological University,Lonere"
2112,"Shree Yash Pratishthan, Shreeyash College of Engineering and Technology, Aurangabad","Dr. Babasaheb Ambedkar Technological University,Lonere"
2113,"G. S. Mandal's Maharashtra Institute of Technology, Aurangabad",Dr. Babasaheb Ambedkar Marathwada University
2114,"Deogiri Institute of Engineering and Management Studies, Aurangabad","Dr. Babasaheb Ambedkar Technological University,Lonere"
2116,"Matoshri Pratishan's Group of Institutions (Integrated Campus), Kupsarwadi , Nanded","Dr. Babasaheb Ambedkar Technological University,Lonere"
2127,"Mahatma Gandhi Missions College of Engineering, Hingoli Rd, Nanded.","Dr. Babasaheb Ambedkar Technological University,Lonere"
2129,"M.S. Bidve Engineering College, Latur","Dr. Babasaheb Ambedkar Technological University,Lonere"
2130,"Terna Public Charitable Trust's College of Engineering, Osmanabad","Dr. Babasaheb Ambedkar Technological University,Lonere"
2131,"Shree Tuljabhavani College of Engineering, Tuljapur","Dr. Babasaheb Ambedkar Technological University,Lonere"
2133,"Mahatma Basaweshwar Education Society's College of Engineering, Ambejogai","Dr. Babasaheb Ambedkar Technological University,Lonere"
2134,"Peoples Education Society's College of Engineering, Aurangabad","Dr. Babasaheb Ambedkar Technological University,Lonere"
2135,"Hi-Tech Institute of Technology, Aurangabad","Dr. Babasaheb Ambedkar Technological University,Lonere"
2136,"Aditya Engineering College , Beed","Dr. Babasaheb Ambedkar Technological University,Lonere"
2137,"Nagnathappa Halge Engineering  College, Parli, Beed",Dr. Babasaheb Ambedkar Marathwada University
2138,"Matsyodari Shikshan Sansatha's College of Engineering and Technology, Jalna","Dr. Babasaheb Ambedkar Technological University,Lonere"
2146,"Adarsh Shikshan Prasarak Mandal's K. T. Patil College of Engineering and Technology, Osmanabad",Dr. Babasaheb Ambedkar Marathwada University
2250,"Aurangabad College of Engineering,  Naygaon Savangi, Aurangabad","Dr. Babasaheb Ambedkar Technological University,Lonere"
2252,"Marathwada Shikshan Prasarak Mandal's Shri Shivaji Institute of Engineering and Management Studies, Parbhani","Dr. Babasaheb Ambedkar Technological University,Lonere"
2254,"Vilasrao Deshmukh Foundation Group of Institutions, Latur","Dr. Babasaheb Ambedkar Technological University,Lonere"
2282,"Aditya Education Trust's Mitthulalji Sarada Polytechnic, Nalwandi Road, Beed","Dr. Babasaheb Ambedkar Technological University,Lonere"
2508,GRAMIN TECHNICAL AND MANAGEMENT CAMPUS NANDED.,"Dr. Babasaheb Ambedkar Technological University,Lonere"
2516,International Centre Of Excellence In Engineering  and Management (ICEEM),Dr. Babasaheb Ambedkar Marathwada University
2522,"STMEI's Sandipani Technical Campus-Faculty of Engineering, Latur.","Dr. Babasaheb Ambedkar Technological University,Lonere"
2533,"CSMSS Chh. Shahu College of Engineering, Aurangabad","Dr. Babasaheb Ambedkar Technological University,Lonere"
2637,"Jijau Institute of Engineering Technology and Management, Khandgaon (Bendri), Taluka Naigaon, District Nanded","Dr. Babasaheb Ambedkar Technological University,Lonere"
2641,Dr. V.K. Patil College of Engineering & Technology,"Dr. Babasaheb Ambedkar Technological University,Lonere"
2666,Mangaldeep College of Engineering,Dr. Babasaheb Ambedkar Marathwada University
3012,"Veermata Jijabai Technological Institute(VJTI), Matunga, Mumbai",Mumbai University
3014,"Sardar Patel College of Engineering, Andheri",Mumbai University
3025,Svkm's Shri Bhagubhai Mafatlal Polytechnic & College of Engineering,"Dr. Babasaheb Ambedkar Technological University,Lonere"
3033,"Dr. Babasaheb Ambedkar Technological University, Lonere","Dr. Babasaheb Ambedkar Technological University,Lonere"
3035,"Usha Mittal Institute of Technology SNDT  Women's University, Mumbai",SNDT Women's University
3036,"Institute of Chemical Technology, Matunga, Mumbai",Deemed to be University
3042,"Loknete Shamrao Peje Government College of Engineering, Ratnagiri","Dr. Babasaheb Ambedkar Technological University,Lonere"
3135,"Manjara Charitable Trust's Rajiv Gandhi Institute of Technology, Mumbai",Mumbai University
3139,"Vidyalankar Institute of Technology,Wadala, Mumbai",Mumbai University
3143,"Thakur Shyamnarayan Engineering College, Mumbai",Mumbai University
3146,"Jawahar Education Society's Annasaheb Chudaman Patil College of Engineering,Kharghar, Navi Mumbai",Mumbai University
3147,"Saraswati Education Society, Yadavrao Tasgaonkar  Institute of Engineering & Technology, Karjat",Mumbai University
3148,"Mahavir Education Trust's Shah & Anchor Kutchhi Engineering College, Mumbai",Mumbai University
3154,"Saraswati Education Society's Saraswati College of Engineering,Kharghar Navi Mumbai",Mumbai University
3175,"M.G.M.'s College of Engineering and Technology, Kamothe, Navi Mumbai",Mumbai University
3176,"Thakur College of Engineering and Technology, Kandivali, Mumbai",Mumbai University
3182,"Thadomal Shahani Engineering College, Bandra, Mumbai",Mumbai University
3183,"Anjuman-I-Islam's M.H. Saboo Siddik College of Engineering, Byculla, Mumbai",Mumbai University
3184,"Fr. Conceicao Rodrigues College of Engineering, Bandra,Mumbai",Mumbai University
3185,"Vivekanand Education Society's Institute of Technology, Chembur, Mumbai",Mumbai University
3187,"N.Y.S.S.'s Datta Meghe College of Engineering, Airoli, Navi Mumbai",Mumbai University
3188,"Vasantdada Patil Pratishthan's College Of Engineering and Visual Arts, Sion, Mumbai",Mumbai University
3189,"Bharati Vidyapeeth College of Engineering,  Navi Mumbai",Mumbai University
3190,"Terna Engineering College, Nerul, Navi Mumbai",Mumbai University
3192,"Smt. Indira Gandhi College of Engineering, Navi Mumbai",Mumbai University
3193,"Shivajirao S. Jondhale College of Engineering, Dombivali,Mumbai",Mumbai University
3194,"Vidyavardhini's College of Engineering and Technology, Vasai",Mumbai University
3196,"Lokmanya Tilak College of Engineering, Kopar Khairane, Navi Mumbai",Mumbai University
3197,"Agnel Charities' FR. C. Rodrigues Institute of Technology, Vashi, Navi Mumbai",Mumbai University
3198,"Konkan Gyanpeeth College of Engineering, Karjat",Mumbai University
3199,"Shri Vile Parle Kelvani Mandal's Dwarkadas J. Sanghvi College of Engineering, Vile Parle,Mumbai",Mumbai University
3200,"Hope Foundation and research center's  Finolex Academy of Management and Technology, Ratnagiri",Mumbai University
3201,"Rizvi Education Society's Rizvi College of Engineering, Bandra,Mumbai",Mumbai University
3202,Rajendra Mane College of Engineering & Technology  Ambav Deorukh,Mumbai University
3203,"Atharva College of Engineering,Malad(West),Mumbai",Mumbai University
3204,"St. Francis Institute of Technology,Borivali, Mumbai",Mumbai University
3206,"S.S.P.M.'s College of Engineering, Kankavli",Mumbai University
3207,"Mahatma Education Society's Pillai College of Engineering, New Panvel",Mumbai University
3208,"Don Bosco Institute of Technology, Mumbai",Mumbai University
3209,K J Somaiya Institute of Technology,Mumbai University
3210,"Excelsior Education Society's K.C. College of Engineering and Management Studies and Research, Kopri, Thane (E)",Mumbai University
3211,"S.I.E.S. Graduate School of Technology, Nerul, Navi Mumbai",Mumbai University
3212,"Watumull Institute of  Engineering & Technology, Ulhasnagar",Mumbai University
3214,"Xavier Institute Of Engineering C/O  Xavier Technical Institute,Mahim,Mumbai",Mumbai University
3215,"Bhartiya Vidya Bhavan's Sardar Patel Institute  of Technology , Andheri, Mumbai",Mumbai University
3216,"Gharda Foundation's Gharda Institute of Technology,Khed, Ratnagiri",Mumbai University
3217,"Vighnaharata Trust's  Shivajirao S. Jondhale College of Engineering & Technology, Shahapur, Asangaon, Dist Thane",Mumbai University
3218,"Aldel Education Trust's St. John College of Engineering & Management, Vevoor, Palghar",Mumbai University
3219,"Koti Vidya Charitable Trust's  Smt. Alamuri Ratnamala Institute of Engineering and Technology,  Sapgaon, Tal. Shahapur",Mumbai University
3220,Yadavrao Tasgaonkar College of Engineering & Management,Mumbai University
3221,"Vishnu Waman Thakur Charitable Trust's VIVA Institute of Technology, Virar",Mumbai University
3222,"Haji Jamaluddin Thim Trust's Theem College of Engineering, At. Villege Betegaon, Boisar",Mumbai University
3223,"Mahatma Education Society's Pillai HOC College of Engineering & Technology, Tal. Khalapur. Dist. Raigad",Mumbai University
3224,"Leela Education Society, G.V. Acharya Institute of Engineering and Technology, Shelu, Karjat",Mumbai University
3257,"Vidya Prasarak Mandal's College of Engineering, Thane",Mumbai University
3277,Pravin Rohidas Patil College of Engineering & Technology,Mumbai University
3351,"Bharat College of Engineering, Kanhor, Badlapur(W)",Mumbai University
3353,"Dilkap Research Institute Of Engineering and Management Studies, At.Mamdapur, Post- Neral, Tal- Karjat,  Mumbai",Mumbai University
3423,"Shree L.R. Tiwari College of Engineering, Mira Road, Mumbai",Mumbai University
3436,"B.R. Harne College of Engineering & Technology, Karav, Tal-Ambernath.",Mumbai University
3439,"Anjuman-I-Islam's Kalsekar Technical Campus, Panvel",Mumbai University
3440,"Metropolitan Institute of Technology & Management, Sukhalwad, Sindhudurg.",Mumbai University
3445,"Vishwatmak Jangli Maharaj Ashram Trust (Kokamthan), Atma Malik Institute Of Technology & Research",Mumbai University
3447,"G.M.Vedak Institute of Technology, Tala, Raigad.",Mumbai University
3460,"Universal College of Engineering,Kaman Dist. Palghar",Mumbai University
3462,"VPM's Maharshi Parshuram College of Engineering, Velneshwar, Ratnagiri.",Mumbai University
3465,"Ideal Institute of Technology, Wada, Dist.Thane",Mumbai University
3467,"Vishwaniketan's Institute of Management Entrepreneurship and Engineering Technology(i MEET), Khalapur Dist Raigad",Mumbai University
3470,YASHWANTRAO BHONSALE INSTITUTE OF TECHNOLOGY,Mumbai University
3471,"New Horizon Institute of Technology & Management, Thane",Mumbai University
3475,"A. P. Shah Institute of Technology, Thane",Mumbai University
3477,"Chhartrapati Shivaji Maharaj Institute of Technology, Shedung, Panvel",Mumbai University
3503,"Indala College Of Engineering, Bapsai Tal.Kalyan",Mumbai University
3546,Devi Mahalaxmi College of Engineering and Technology,Mumbai University
4004,"Government College of Engineering, Chandrapur",Gondwana University
4025,"Government College of Engineering, Nagpur",Rashtrasant Tukadoji Maharaj Nagpur University
4104,"Kavi Kulguru Institute of Technology & Science, Ramtek",Rashtrasant Tukadoji Maharaj Nagpur University
4116,"Ankush Shikshan Sanstha's G.H.Raisoni College of Engineering, Nagpur",Rashtrasant Tukadoji Maharaj Nagpur University
4118,"Bapurao Deshmukh College of Engineering, Sevagram",Rashtrasant Tukadoji Maharaj Nagpur University
4123,"Lokmanya Tilak Jankalyan Shikshan Sanstha, Priyadarshani College of Engineering, Nagpur",Rashtrasant Tukadoji Maharaj Nagpur University
4133,"Sanmarg Shikshan Sanstha's Smt. Radhikatai Pandav College of Engineering, Nagpur",Rashtrasant Tukadoji Maharaj Nagpur University
4134,"Guru Nanak Institute of Engineering & Technology,Kalmeshwar, Nagpur",Rashtrasant Tukadoji Maharaj Nagpur University
4135,"Amar Seva Mandal's Shree Govindrao Vanjari College of Engineering &  Technology, Nagpur","Dr. Babasaheb Ambedkar Technological University,Lonere"
4136,"Lokmanya Tilak Jankalyan Shikshan Sastha, Priyadarshini J. L. College Of Engineering, Nagpur",Rashtrasant Tukadoji Maharaj Nagpur University
4137,"Sir Shantilal Badjate Charitable Trust's S. B. Jain Institute of technology, Management & Research, Nagpur",Rashtrasant Tukadoji Maharaj Nagpur University
4138,"Jaidev Education Society, J D College of Engineering and Management, Nagpur","Dr. Babasaheb Ambedkar Technological University,Lonere"
4139,"Samridhi Sarwajanik Charitable Trust, Jhulelal Institute of Technology, Nagpur",Rashtrasant Tukadoji Maharaj Nagpur University
4141,"Shriram Gram Vikas Shikshan Sanstha, Vilasrao Deshmukh College of Engineering and Technology, Nagpur","Dr. Babasaheb Ambedkar Technological University,Lonere"
4142,"G H Raisoni College of Engineering & Management, Nagpur",Rashtrasant Tukadoji Maharaj Nagpur University
4143,"Sanmarg Shikshan Sanstha, Mandukarrao Pandav College of Engineering, Bhandara",Rashtrasant Tukadoji Maharaj Nagpur University
4144,"Shri. Sai Shikshan Sanstha, Nagpur Institute of Technology, Nagpur",Rashtrasant Tukadoji Maharaj Nagpur University
4145,"Wainganga College of Engineering and Management, Dongargaon, Nagpur",Rashtrasant Tukadoji Maharaj Nagpur University
4147,"K.D.K. College of Engineering, Nagpur",Rashtrasant Tukadoji Maharaj Nagpur University
4151,"Tulsiramji Gaikwad Patil College of Engineering & Technology, Nagpur",Rashtrasant Tukadoji Maharaj Nagpur University
4163,Rajiv Gandhi College of Engineering Research & Technology  Chandrapur,"Dr. Babasaheb Ambedkar Technological University,Lonere"
4167,"Yeshwantrao Chavan College of Engineering,Wanadongri, Nagpur",Rashtrasant Tukadoji Maharaj Nagpur University
4172,"Anjuman College of Engineering & Technology, Nagpur",Rashtrasant Tukadoji Maharaj Nagpur University
4174,"ST. Vincent Pallotti College of Engineering & Technology, Nagpur",Rashtrasant Tukadoji Maharaj Nagpur University
4175,"JMSS Shri Shankarprasad Agnihotri College of Engineering, Wardha",Rashtrasant Tukadoji Maharaj Nagpur University
4177,"Priyadarshini Bhagwati  College of Engineering, Harpur Nagar, Umred Road,Nagpur",Rashtrasant Tukadoji Maharaj Nagpur University
4181,"Swaminarayan Siddhanta Institute Of Technology, Nagpur","Dr. Babasaheb Ambedkar Technological University,Lonere"
4188,"Krushi Jivan Vikas Pratishthan, Ballarpur Institute of Technology, Mouza Bamni","Dr. Babasaheb Ambedkar Technological University,Lonere"
4190,"M.D. Yergude Memorial Shikshan Prasarak Mandal's Shri Sai College of Engineering & Technology, Bhadrawati","Dr. Babasaheb Ambedkar Technological University,Lonere"
4192,"Maitraya Education Society, Nagarjuna Institute of Engineering Technology & Management, Nagpur",Rashtrasant Tukadoji Maharaj Nagpur University
4193,"K.D.M. Education Society, Vidharbha Institute of Technology,Umred Road ,Nagpur","Dr. Babasaheb Ambedkar Technological University,Lonere"
4196,"Gurunanak Educational Society's Gurunanak Institute of Technology, Nagpur",Rashtrasant Tukadoji Maharaj Nagpur University
4197,"Jai Mahakali Shikshan Sanstha, Agnihotri College of Engineering, Sindhi(Meghe)",Rashtrasant Tukadoji Maharaj Nagpur University
4285," V M Institute of Engineering and Technology, Dongargaon, Nagpur",Rashtrasant Tukadoji Maharaj Nagpur University
4302,"Gondia Education Society's Manoharbhai Patel Institute Of Engineering & Technology, Shahapur, Bhandara",Rashtrasant Tukadoji Maharaj Nagpur University
4304,"Cummins College of Engineering For Women, Sukhali (Gupchup), Tal. Hingna Hingna Nagpur",Rashtrasant Tukadoji Maharaj Nagpur University
4613,"Suryodaya College of Engineering & Technology, Nagpur",Rashtrasant Tukadoji Maharaj Nagpur University
4648,"R.V. Parankar College of Engineering & Technology, Arvi, Dist Wardha",Rashtrasant Tukadoji Maharaj Nagpur University
4649,"Bajaj Institute of Technology, Wardha","Dr. Babasaheb Ambedkar Technological University,Lonere"
4679,"Karanjekar College of Engineering & Management, Sakoli","Dr. Babasaheb Ambedkar Technological University,Lonere"
5003,"University Institute  of Chemical Technology, North Maharashtra University, Jalgaon","Kavayitri Bahinabai Chaudhari North Maharashtra University, Jalgaon"
5004,"Government College of Engineering, Jalgaon","Kavayitri Bahinabai Chaudhari North Maharashtra University, Jalgaon"
5103,"Shri Shivaji Vidya Prasarak Sanstha's Late Bapusaheb Shivaji Rao Deore College of Engineering,Dhule","Dr. Babasaheb Ambedkar Technological University,Lonere"
5104,"Shramsadhana Bombay Trust, College of Engineering & Technology, Jalgaon","Kavayitri Bahinabai Chaudhari North Maharashtra University, Jalgaon"
5106,"Khandesh College Education Society's College Of Engineering And Management, Jalgaon","Dr. Babasaheb Ambedkar Technological University,Lonere"
5108,"Maratha Vidya Prasarak Samaj's Karmaveer Adv. Baburao Ganpatrao Thakare College Of Engineering, Nashik",Savitribai Phule Pune University
5109,"Sandip Foundation, Sandip Institute of Technology and Research Centre, Mahiravani, Nashik",Savitribai Phule Pune University
5121,"K. K. Wagh Institute of Engineering Education and Research, Nashik",Savitribai Phule Pune University
5124,"Jagadamba Education Soc. Nashik's S.N.D. College of Engineering & Reserch, Babulgaon",Savitribai Phule Pune University
5125,"Pravara Rural Education Society's Sir Visvesvaraya Institute of Technology, Chincholi Dist. Nashik",Savitribai Phule Pune University
5130,"Brahma Valley College of Engineering & Research, Trimbakeshwar, Nashik",Savitribai Phule Pune University
5139,"Pravara Rural College of Engineering, Loni, Pravaranagar, Ahmednagar.",Savitribai Phule Pune University
5151,"MET Bhujbal Knowledge City MET League's Engineering College, Adgaon, Nashik.",Savitribai Phule Pune University
5152,"G H Raisoni College of  Engineering and Management, Jalgaon","Kavayitri Bahinabai Chaudhari North Maharashtra University, Jalgaon"
5160,"Sanjivani Rural Education Society's Sanjivani College of Engineering, Kopargaon",Savitribai Phule Pune University
5161,"Dr. Vithalrao Vikhe Patil College of Engineering, Ahmednagar",Savitribai Phule Pune University
5162,"Amrutvahini Sheti & Shikshan Vikas Sanstha's Amrutvahini College of Engineering, Sangamner",Savitribai Phule Pune University
5164,"P.S.G.V.P. Mandal's D.N. Patel College of Engineering, Shahada, Dist. Nandurbar","Dr. Babasaheb Ambedkar Technological University,Lonere"
5168,"T.M.E. Society's J.T.Mahajan College of Engineering, Faizpur","Dr. Babasaheb Ambedkar Technological University,Lonere"
5169,"Nagaon  Education Society's Gangamai College of Engineering, Nagaon, Tal Dist Dhule","Kavayitri Bahinabai Chaudhari North Maharashtra University, Jalgaon"
5170,"Hindi Seva Mandal's Shri Sant Gadgebaba College of Engineering & Technology, Bhusawal","Dr. Babasaheb Ambedkar Technological University,Lonere"
5171,"Godavari Foundation's Godavari College Of Engineering,  Jalgaon","Dr. Babasaheb Ambedkar Technological University,Lonere"
5172,"R. C. Patel Institute of Technology, Shirpur","Dr. Babasaheb Ambedkar Technological University,Lonere"
5173,"SNJB's Late Sau. Kantabai Bhavarlalji Jain College of Engineering,  (Jain Gurukul), Neminagar,Chandwad,(Nashik)",Savitribai Phule Pune University
5177,"Matoshri College of Engineering and Research Centre, Eklahare, Nashik",Savitribai Phule Pune University
5179,"Vishwabharati Academy's College of Engineering, Ahmednagar",Savitribai Phule Pune University
5181,"Gokhale Education Society's, R.H. Sapat College of Engineering, Management Studies and Research, Nashik",Savitribai Phule Pune University
5182,"Kalyani Charitable Trust, Late Gambhirrao Natuba Sapkal College of Engineering, Anjaneri, Trimbakeshwar Road, Nashik",Savitribai Phule Pune University
5184,"Amruta Vaishnavi Education & Welfare Trust's Shatabdi Institute of Engineering & Research, Agaskhind Tal. Sinnar",Savitribai Phule Pune University
5244,"MET's Institute of Technology Polytechnic, Bhujbal Knowledge City, Adgaon Nashik","Dr. Babasaheb Ambedkar Technological University,Lonere"
5256,"Matoshri Education Soceity, Matoshri Asarabai Polytechnic,Nashik","Dr. Babasaheb Ambedkar Technological University,Lonere"
5263,"Matoshri Education Soceity, Matoshri Institute Of Technology, Dhanore, Nashik","Dr. Babasaheb Ambedkar Technological University,Lonere"
5303,"Hon. Shri. Babanrao Pachpute Vichardhara Trust, Group of Institutions (Integrated Campus)-Parikrama, Kashti Shrigondha,",Savitribai Phule Pune University
5322,"Jamia Institute Of Engineering And Management Studies, Akkalkuwa","Kavayitri Bahinabai Chaudhari North Maharashtra University, Jalgaon"
5330,"PUNE VIDYARTHI GRIHA’S COLLEGE OF ENGINEERING & SHRIKRUSHNA S. DHAMANKAR INSTITUTE OF MANAGEMENT, NASHIK",Savitribai Phule Pune University
5331,"Sandip Foundation's, Sandip Institute of Engineering & Management, Nashik",Savitribai Phule Pune University
5365,"Vardhaman Education & Welfare Society, Ahinsa Institute of Technology, Post. Dondaicha,  Dhule","Dr. Babasaheb Ambedkar Technological University,Lonere"
5370,"Kedareshwar Gramin Vikas Pratishthan, Samajbhushan Eknathrao Dhakane  College, of Engineering, Shevgaon","Dr. Babasaheb Ambedkar Technological University,Lonere"
5380,"Adsul's Technical Campus, Chas Dist. Ahmednagar",Savitribai Phule Pune University
5381,"Shri. Jaykumar Rawal Institute of Technology, Dondaicha.","Kavayitri Bahinabai Chaudhari North Maharashtra University, Jalgaon"
5382,"Ahmednagar Jilha Maratha Vidya Prasarak Samajache, Shri. Chhatrapati Shivaji Maharaj College of Engineering, Nepti",Savitribai Phule Pune University
5390,"K.V.N. Naik S. P. Sansth's Loknete Gopinathji Munde Institute of Engineering Education & Research, Nashik.",Savitribai Phule Pune University
5396,"College of Engineering and Technology ,North Maharashtra Knowledge City, Jalgaon","Dr. Babasaheb Ambedkar Technological University,Lonere"
5399,"Sanghavi College of Engineering, Varvandi, Nashik.",Savitribai Phule Pune University
5401,"Jawahar Education Society's Institute of Technology, Management & Research, Nashik.",Savitribai Phule Pune University
5408,"Vidya Niketan College of Engineering, Bota Sangamner",Savitribai Phule Pune University
5409,"Rajiv Gandhi College of Engineering, At Post Karjule Hariya Tal.Parner, Dist.Ahmednagar",Savitribai Phule Pune University
5411,"Maulana Mukhtar Ahmad Nadvi Technical Campus, Malegaon.",Savitribai Phule Pune University
5418,"Guru Gobind Singh College of Engineering & Research Centre, Nashik.",Savitribai Phule Pune University
5433,"R.C. Patel College of Engineering and Polytechnic, Shirpur","Dr. Babasaheb Ambedkar Technological University,Lonere"
5449,"Shri Vile Parle Kelavani Mandal's Institute of Technology, Dhule","Dr. Babasaheb Ambedkar Technological University,Lonere"
5497,"P.G. College of Engineering & Technology, Nandurbar","Dr. Babasaheb Ambedkar Technological University,Lonere"
5509,"Shri Swami Samarth Institute of Management and Technology, Malwadi-Bota","Dr. Babasaheb Ambedkar Technological University,Lonere"
5513,"MKD Institute of Technology, Nadurbar","Dr. Babasaheb Ambedkar Technological University,Lonere"
6004,"Government College of Engineering & Research, Avasari Khurd",Savitribai Phule Pune University
6005,"Government College of Engineering, Karad",Shivaji University
6007,"Walchand College of Engineering, Sangli",Shivaji University
6028,"Department of Technology, Shivaji University, Kolhapur",Shivaji University
6036,"Government College of Engineering, Kolhapur","Dr. Babasaheb Ambedkar Technological University,Lonere"
6122,"TSSMS's Pd. Vasantdada Patil Institute of Technology, Bavdhan, Pune",Savitribai Phule Pune University
6138,"Genba Sopanrao Moze Trust Parvatibai Genba Moze College of Engineering,Wagholi, Pune",Savitribai Phule Pune University
6139,"Progressive Education Society's Modern College of Engineering, Pune",Savitribai Phule Pune University
6141,"Jaywant Shikshan Prasarak Mandal's,Rajarshi Shahu College of Engineering, Tathawade, Pune",Savitribai Phule Pune University
6144,"Genba Sopanrao Moze College of Engineering, Baner-Balewadi, Pune",Savitribai Phule Pune University
6145,"JSPM'S Jaywantrao Sawant College of Engineering,Pune",Savitribai Phule Pune University
6146,"MIT Academy of Engineering,Alandi, Pune",Savitribai Phule Pune University
6149,"Siddhant College of Engineering, A/p Sudumbare, Tal.Maval, Dist-Pune",Savitribai Phule Pune University
6155,"G.H.Raisoni College of Engineering & Management, Wagholi, Pune",Savitribai Phule Pune University
6156,"Marathwada Mitra Mandal's College of Engineering, Karvenagar, Pune",Savitribai Phule Pune University
6175,"Pimpri Chinchwad Education Trust, Pimpri Chinchwad College of Engineering, Pune",Savitribai Phule Pune University
6177,"Sinhgad College of Engineering, Vadgaon (BK), Pune",Savitribai Phule Pune University
6178,"Sinhgad Technical Education Society's Smt. Kashibai Navale College of Engineering,Vadgaon,Pune",Savitribai Phule Pune University
6179,"Indira College of Engineering & Management, Pune",Savitribai Phule Pune University
6182,"Sinhgad Technical Education Society, Sinhgad Institute of Technology and Science, Narhe (Ambegaon)",Savitribai Phule Pune University
6183,"Al-Ameen Educational and Medical Foundation, College of Engineering, Koregaon, Bhima",Savitribai Phule Pune University
6184,"K. J.'s Educational Institut Trinity College of Engineering and Research, Pisoli, Haveli",Savitribai Phule Pune University
6185,Sinhgad Institute of Technology,Savitribai Phule Pune University
6187,"Sinhgad Academy of Engineering, Kondhwa (BK)  Kondhwa-Saswad Road, Pune",Savitribai Phule Pune University
6203,"Marathwada Mitra Mandal's Institute of Technology, Lohgaon, Pune",Savitribai Phule Pune University
6206,"Pune District Education  Association's College of Engineering, Manjari(Bk), Hadapsar, Pune",Savitribai Phule Pune University
6207,"Dr. D. Y. Patil Unitech Society's Dr. D. Y. Patil  Institute of Technology, Pimpri, Pune",Savitribai Phule Pune University
6214,"K. E. Society's Rajarambapu Institute of Technology, Walwa, Sangli",Shivaji University
6217,"Shri. Balasaheb Mane Shikshan  Prasarak Mandal's, Ashokrao Mane Group of Institutions","Dr. Babasaheb Ambedkar Technological University,Lonere"
6219,"KSGBS's Bharat- Ratna Indira Gandhi College of Engineering, Kegaon, Solapur","Dr. Babasaheb Ambedkar Technological University,Lonere"
6220,"Shri Vithal Education and Research Institute's College of Engineering, Pandharpur",Punyashlok Ahilyadevi Holkar Solapur University
6222,"Dattajirao Kadam Technical Education Society's Textile & Engineering Institute, Ichalkaranji.",Shivaji University
6223,"Pradnya Niketan Education Society's Nagesh Karajagi Orchid College of Engineering & Technology, Solapur","Dr. Babasaheb Ambedkar Technological University,Lonere"
6250,"D.Y. Patil College of Engineering and Technology, Kolhapur",Shivaji University
6265,"Walchand Institute of Technology, Solapur",Punyashlok Ahilyadevi Holkar Solapur University
6267,"Kolhapur Institute of Technology's College of Engineering(Autonomous), Kolhapur",Shivaji University
6268,"Tatyasaheb Kore Institute of Engineering and Technology, Warananagar",Shivaji University
6269,"Shetkari Shikshan Mandal's Pad. Vasantraodada Patil Institute of Technology, Budhgaon, Sangli","Dr. Babasaheb Ambedkar Technological University,Lonere"
6270,"Rayat Shikshan Sanstha's Karmaveer Bhaurao Patil College of Engineering, Satara","Dr. Babasaheb Ambedkar Technological University,Lonere"
6271,Pune Institute of Computer Technology,Savitribai Phule Pune University
6272,"Dr. D. Y. Patil Pratishthan's D.Y.Patil College of Engineering Akurdi, Pune",Savitribai Phule Pune University
6273,"Bansilal Ramnath Agarawal Charitable Trust's Vishwakarma Institute of Technology, Bibwewadi, Pune",Savitribai Phule Pune University
6274,"Pune Vidyarthi Griha's College of Engineering and Technology and G K Pate(Wani) Institute of  Management,  Pune",Savitribai Phule Pune University
6275,"Shivnagar Vidya Prasarak Mandal's College of Engineering, Malegaon-Baramati",Savitribai Phule Pune University
6276,"MKSSS's Cummins College of Engineering for Women, Karvenagar,Pune",Savitribai Phule Pune University
6277,"Dr. J. J. Magdum  Charitable Trust's Dr. J.J. Magdum College of Engineering, Jaysingpur",Shivaji University
6278,"All India Shri Shivaji Memorial Society's College of Engineering, Pune",Savitribai Phule Pune University
6281,"Modern Education Society's Wadia College of Engineering, Pune",Savitribai Phule Pune University
6282,"All India Shri Shivaji Memorial Society's Institute of Information Technology,Pune",Savitribai Phule Pune University
6283,"Annasaheb Dange College of Engineering and Technology, Ashta, Sangli",Shivaji University
6284,"Vidya Pratishthan's Kamalnayan Bajaj Institute of Engineering & Technology, Baramati Dist.Pune",Savitribai Phule Pune University
6285,"Bharati Vidyapeeth's College of Engineering for Women, Katraj, Dhankawadi, Pune",Savitribai Phule Pune University
6288,"Bharati Vidyapeeth's College of Engineering, Kolhapur",Shivaji University
6293,"Kai Amdar  Bramhadevdada Mane Shikshan & Samajik Prathistan's Bramhadevdada Mane Institute of Technology, Solapur",Punyashlok Ahilyadevi Holkar Solapur University
6298,"Zeal Education Society's Zeal College of Engineering & Reserch, Narhe, Pune",Savitribai Phule Pune University
6303,"Dr. Ashok Gujar Technical Institute's  Dr. Daulatrao Aher College of Engineering, Karad",Shivaji University
6304,"Loknete Hanumantrao Charitable Trust's Adarsh Institute of Technology and Research Centre, Vita,Sangli","Dr. Babasaheb Ambedkar Technological University,Lonere"
6305,"Late Narayandas Bhawandas Chhabada Institute of Engineering & Technology, Satara","Dr. Babasaheb Ambedkar Technological University,Lonere"
6307,"Dhole Patil Education Society, Dhole Patil College of Engineering, Wagholi, Tal. Haveli",Savitribai Phule Pune University
6308,"Shanti Education Society, A.G. Patil Institute of Technology, Soregaon, Solapur(North)","Dr. Babasaheb Ambedkar Technological University,Lonere"
6310,"Nutan Maharashtra Vidya Prasarak Mandal, Nutan Maharashtra Institute of Engineering &Technology, Talegaon station, Pune",Savitribai Phule Pune University
6311,"Jayawant Shikshan Prasarak Mandal, Bhivarabai Sawant Institute of Technology & Research, Wagholi",Savitribai Phule Pune University
6313,"Jaywant College of Engineering & Polytechnic , Kille Macchindragad Tal. Walva District- Sangali","Dr. Babasaheb Ambedkar Technological University,Lonere"
6315,Sanjeevan Group of Institutions,"Dr. Babasaheb Ambedkar Technological University,Lonere"
6317,"Sharad Institute of Technology College of Engineering, Yadrav(Ichalkaranji)","Dr. Babasaheb Ambedkar Technological University,Lonere"
6318,"Abhinav Education Society's College of Engineering and Technology (Degree), Wadwadi","Dr. Babasaheb Ambedkar Technological University,Lonere"
6319,"Shahajirao Patil Vikas Pratishthan, S.B.Patil College of Engineering, Vangali, Tal. Indapur",Savitribai Phule Pune University
6320,"K.J.'s Educational Institute's K.J.College of Engineering & Management Research, Pisoli",Savitribai Phule Pune University
6321,"Vidya Vikas Pratishthan Institute of Engineering and Technology, Solapur","Dr. Babasaheb Ambedkar Technological University,Lonere"
6322,"Shree Gajanan Maharaj Shikshan Prasarak Manda'l Sharadchandra Pawar College of Engineering, Dumbarwadi",Savitribai Phule Pune University
6324,"Rajgad Dnyanpeeth's Shri Chhatrapati Shivajiraje College of Engineering, Bhor",Savitribai Phule Pune University
6325,"Alard  Charitable Trust's Alard College of Engineering and Management, Pune",Savitribai Phule Pune University
6326,Karmayogi Institute of Technology,"Dr. Babasaheb Ambedkar Technological University,Lonere"
6402,"NEW INSTITUTE OF TECHNOLOGY,KOLHAPUR","Dr. Babasaheb Ambedkar Technological University,Lonere"
6444,"Shriram Institute Of Engineering & Technology, (Poly), Paniv","Dr. Babasaheb Ambedkar Technological University,Lonere"
6466,"Shree Santkrupa Shikshan Sanstha, Shree Santkrupa Institute Of Engineering & Technology, Karad","Dr. Babasaheb Ambedkar Technological University,Lonere"
6468,"Swami Vivekananda Shikshan Sanstha, Dr. Bapuji Salunkhe Institute Of Engineering & Technology,Kolhapur","Dr. Babasaheb Ambedkar Technological University,Lonere"
6545,"Samarth Education Trust's Arvind Gavali College Of Engineering Panwalewadi, Varye,Satara.","Dr. Babasaheb Ambedkar Technological University,Lonere"
6609,"Jaihind College Of Engineering,Kuran",Savitribai Phule Pune University
6622,ISBM College Of Engineering Pune,Savitribai Phule Pune University
6628,"Dattakala Group Of Institutions, Swami - Chincholi Tal. Daund Dist. Pune",Savitribai Phule Pune University
6632,Navsahyadri Education Society's Group of Institutions,Savitribai Phule Pune University
6634,"KJEI's Trinity Academy of Engineering, Yewalewadi, Pune",Savitribai Phule Pune University
6635,Samarth College of Engineering and Management,Savitribai Phule Pune University
6640,"N. B. Navale Sinhgad College of Engineering, Kegaon, solapur",Punyashlok Ahilyadevi Holkar Solapur University
6643,"S K N Sinhgad College of Engineering, Korti Tal. Pandharpur Dist Solapur",Punyashlok Ahilyadevi Holkar Solapur University
6644,"Shri. Ambabai Talim Sanstha's Sanjay Bhokare Group of Institutes, Miraj","Dr. Babasaheb Ambedkar Technological University,Lonere"
6649,"TSSM's Bhivarabai Sawant College of Engineering and Research, Narhe, Pune",Savitribai Phule Pune University
6714,"APPASAHEB ALIAS SA.RE.PATIL INSTITUTE OF TECHNOLOGY, Dattanagar  Tal-Shirol, Dist Kolhapur","Dr. Babasaheb Ambedkar Technological University,Lonere"
6732,"Ajeenkya DY Patil School of Engineering, Lohegaon, Pune",Savitribai Phule Pune University
6754,"International Institute of Information Technology (I²IT), Pune.",Savitribai Phule Pune University
6755,"JSPM Narhe Technical Campus, Pune.",Savitribai Phule Pune University
6756,"Fabtech Technical Campus College of Engineering and Research, Sangola","Dr. Babasaheb Ambedkar Technological University,Lonere"
6757,"Yashoda Technical Campus, Wadhe, Satara.","Dr. Babasaheb Ambedkar Technological University,Lonere"
6758,"Sahyadri Valley College of Engineering & Technology, Rajuri, Pune.",Savitribai Phule Pune University
6759,"Shree Ramchandra College of Engineering, Lonikand,Pune",Savitribai Phule Pune University
6762,"Nanasaheb Mahadik College of Engineering,Walwa, Sangli.","Dr. Babasaheb Ambedkar Technological University,Lonere"
6766,Phaltan Education Society's College of Engineering Thakurki Tal- Phaltan Dist-Satara,"Dr. Babasaheb Ambedkar Technological University,Lonere"
6767,"Suman Ramesh Tulsiani Technical Campus: Faculty of Engineering, Kamshet,Pune.",Savitribai Phule Pune University
6768,"P.K. Technical Campus, Pune.",Savitribai Phule Pune University
6769,"Rasiklal M. Dhariwal Sinhgad Technical Institutes Campus, Warje, Pune.",Savitribai Phule Pune University
6770,"SKN Sinhgad Institute of Technology & Science, Kusgaon(BK),Pune.",Savitribai Phule Pune University
6771,"Flora Institute of Technology, Khopi, Near Khed Shivapur Toll Plaza, Pune",Savitribai Phule Pune University
6772,"NBN Sinhgad Technical Institutes Campus, Pune",Savitribai Phule Pune University
6780,"D.Y.Patil Education Society's,D.Y.Patil Technical Campus, Faculty of Engineering & Faculty of Management,Talsande,Kolhapur.",Shivaji University
6781,"Bhagwant Institute of Technology, Barshi","Dr. Babasaheb Ambedkar Technological University,Lonere"
6782,"Sahakar Maharshee Shankarrao Mohite Patil Institute of Technology & Research, Akluj","Dr. Babasaheb Ambedkar Technological University,Lonere"
6794,"Anantrao Pawar College of Engineering & Research, Pune",Savitribai Phule Pune University
6795,"Shri.Someshwar Shikshan Prasarak Mandal, Sharadchandra Pawar College of Engineering & Technology, Someshwar Nagar",Savitribai Phule Pune University
6796,"Bharati Vidyapeeth's College of Engineering,Lavale, Pune",Savitribai Phule Pune University
6797,"Dnyanshree Institute Engineering and Technology, Satara","Dr. Babasaheb Ambedkar Technological University,Lonere"
6799,"Shivganga Charitable Trust, Sangli Vishveshwarya Technical Campus, Faculty of Diploma Engineering, Patgaon, Miraj","Dr. Babasaheb Ambedkar Technological University,Lonere"
6803,"Sant Gajanan Maharaj College of Engineering, Gadhinglaj",Shivaji University
6808,"Keystone School of Engineering, Pune",Savitribai Phule Pune University
6811,Sanjay Ghodawat Institute,"Dr. Babasaheb Ambedkar Technological University,Lonere"
6815,"Vidya Prasarini Sabha's College of Engineering & Technology, Lonavala",Savitribai Phule Pune University
6822,"Pimpri Chinchwad Education Trust's Pimpri Chinchwad College Of Engineering And Research, Ravet",Savitribai Phule Pune University
6834,"Dr.D.Y.Patil College Of Engineering & Innovation,Talegaon",Savitribai Phule Pune University
6839,"Dr. D Y Patil Pratishthan's College of Engineering, Kolhapur",Shivaji University
6878,"Dr. A. D. Shinde College Of Engineering, Tal.Gadhinglaj, Kolhapur",Shivaji University
6901,"MAEER's MIT College of Railway Engineering and Research, Jamgaon, Barshi",Punyashlok Ahilyadevi Holkar Solapur University
6938,Shree Siddheshwar Women's College Of Engineering Solapur.,"Dr. Babasaheb Ambedkar Technological University,Lonere"
6991,"Dr. D.Y. Patil Technical Campus, Varale, Talegaon, Pune",Savitribai Phule Pune University
